Model,CV_RMSE_log,RMSE,MAE,R2
ridge,0.1803039523538282,99996.74786926132,44533.48912907602,0.8628871829259658
linear_regression,,100024.32628021139,44543.08854674413,0.862811542965028
xgboost,0.3448678548143451,151031.9688015675,77379.14188426774,0.6872163311999095
gradient_boosting,0.36386988341560356,167477.64365221222,85244.60138919335,0.6153905190952761
random_forest,0.472639334969409,241514.96128549366,112518.92813569351,0.20017609373170397
