Model,RMSE,MAE,R² Score,Test Samples
Linear Regression,0.04506835859896982,0.0329423496927831,-1.8392125757644338,37618
Random Forest,0.0478593660981654,0.034444059165821106,-2.2017565862352706,37618
XGBoost,0.045970643109137545,0.03324300575653785,-1.9540346574017509,37618
