Model,RMSE,MAE,R² Score
Ridge (α=0.1),0.0450732872811146,0.03294187280353242,-1.8398336031074387
Lasso (α=0.001),0.04339222460156847,0.03168591358922874,-1.631953784606798
XGBoost Tuned,0.04671938026423447,0.033671499082429925,-2.0510447243079977
