Model,RMSE,MAE,R² Score
Simple Average (3),0.04579520325595619,0.033255513158350895,-1.9315304481595135
Weighted Average (3),0.04576538586077977,0.033239781879845186,-1.9277142342777833
Meta-Learner Ridge (3),0.026445286365769104,0.01884047253624608,0.02242299836318229
Meta-Learner Ridge (5),0.0264427631444512,0.018841720864008715,0.022609536366327787
