Model,CV_RMSE_log,RMSE,MAE,R2
ridge,0.038321927878785286,11771.311081904822,6093.356055227649,0.9980999896096753
linear_regression,,13281.179052326615,6787.414698408924,0.9975813135845195
gradient_boosting,0.04477901022042404,40104.97168353631,8423.434879988898,0.9779452199996214
xgboost,0.045971810795589076,45298.635064849375,8688.82205139794,0.9718630814064502
random_forest,0.1973355749441105,174734.83808384562,50009.633898918786,0.5813363015258091
